{"stats":{"minecraft:custom":{"minecraft:time_since_rest":7647,"minecraft:sprint_one_cm":182513,"minecraft:damage_taken":1656,"minecraft:walk_one_cm":173504,"minecraft:mob_kills":5,"minecraft:drop":11,"minecraft:damage_dealt":777,"minecraft:swim_one_cm":16671,"minecraft:interact_with_crafting_table":11,"minecraft:fly_one_cm":266289,"minecraft:crouch_one_cm":1481,"minecraft:play_time":57734,"minecraft:deaths":3,"minecraft:sneak_time":379,"minecraft:walk_under_water_one_cm":3209,"minecraft:jump":1203,"minecraft:walk_on_water_one_cm":4988,"minecraft:time_since_death":22480,"minecraft:sleep_in_bed":6,"minecraft:total_world_time":57734,"minecraft:fall_one_cm":46450},"minecraft:picked_up":{"minecraft:coarse_dirt":1,"minecraft:smoker":1,"regions_unexplored:oak_shrub":1,"croptopia:hops":1,"minecraft:porkchop":3,"minecraft:oak_log":11,"minecraft:yellow_bed":4,"minecraft:dirt":1,"croptopia:hops_seed":2,"minecraft:rotten_flesh":5,"minecraft:slime_ball":4,"minecraft:wheat_seeds":20,"croptopia:orange":4,"minecraft:hay_block":12,"minecraft:bread":8,"regions_unexplored:redwood_log":2,"minecraft:oak_planks":2,"regions_unexplored:bamboo_log":3,"minecraft:egg":1},"minecraft:killed_by":{"minecraft:player":1},"minecraft:used":{"minecraft:oak_log":5,"minecraft:bread":10,"minecraft:oak_sign":1,"minecraft:rotten_flesh":1,"minecraft:oak_door":1,"minecraft:crafting_table":2,"minecraft:porkchop":3,"minecraft:yellow_bed":2,"minecraft:egg":1,"minecraft:smoker":1,"croptopia:orange":4},"minecraft:crafted":{"minecraft:oak_door":3,"regions_unexplored:redwood_planks":8,"minecraft:oak_planks":24,"minecraft:oak_sign":3,"minecraft:crafting_table":2,"minecraft:stick":8,"minecraft:bread":24,"minecraft:wheat":72},"minecraft:dropped":{"minecraft:bread":2,"minecraft:wheat_seeds":11,"croptopia:hops_seed":2,"croptopia:hops":1,"minecraft:oak_door":1},"minecraft:mined":{"minecraft:large_fern":1,"minecraft:hay_block":10,"minecraft:coarse_dirt":1,"minecraft:glass_pane":1,"croptopia:orange_crop":5,"minecraft:yellow_bed":4,"minecraft:short_grass":49,"minecraft:grass_block":2,"regions_unexplored:oak_shrub":1,"minecraft:oak_log":12,"minecraft:decorated_pot":1,"regions_unexplored:medium_grass":41,"regions_unexplored:redwood_log":3,"regions_unexplored:windswept_grass":151,"minecraft:oak_planks":2,"regions_unexplored:bamboo_log":3,"minecraft:oak_leaves":12},"minecraft:killed":{"livingthings:snail":2,"minecraft:zombie":2,"minecraft:pig":1}},"DataVersion":3953}