{"stats":{"minecraft:custom":{"minecraft:jump":19,"minecraft:time_since_rest":2082,"minecraft:leave_game":1,"minecraft:crouch_one_cm":37,"minecraft:sprint_one_cm":5881,"minecraft:play_time":2082,"minecraft:damage_taken":20,"minecraft:time_since_death":2082,"minecraft:walk_one_cm":4458,"minecraft:sneak_time":6,"minecraft:total_world_time":2082,"minecraft:fly_one_cm":3519},"minecraft:picked_up":{"minecraft:cooked_mutton":2,"minecraft:cooked_porkchop":2},"minecraft:mined":{"minecraft:short_grass":1}},"DataVersion":3953}