{"stats":{"minecraft:custom":{"minecraft:interact_with_furnace":1,"minecraft:mob_kills":14,"minecraft:interact_with_crafting_table":7,"minecraft:open_barrel":1,"minecraft:interact_with_campfire":2,"minecraft:bell_ring":1,"minecraft:leave_game":1,"minecraft:time_since_death":51651,"minecraft:sleep_in_bed":2,"minecraft:climb_one_cm":2230,"minecraft:time_since_rest":7191,"minecraft:waystone_activated":1,"minecraft:sprint_one_cm":51286,"minecraft:damage_taken":656,"minecraft:walk_one_cm":322386,"minecraft:drop":23,"minecraft:damage_dealt":1680,"minecraft:swim_one_cm":6792,"minecraft:fly_one_cm":59721,"minecraft:open_chest":12,"minecraft:crouch_one_cm":2909,"minecraft:play_time":51651,"minecraft:sneak_time":818,"minecraft:walk_under_water_one_cm":3441,"minecraft:boat_one_cm":29703,"minecraft:jump":720,"minecraft:total_world_time":51651,"minecraft:walk_on_water_one_cm":7326,"minecraft:fall_one_cm":12902},"minecraft:picked_up":{"livingthings:crab":7,"minecraft:crafting_table":3,"minecraft:wheat":7,"minecraft:feather":7,"regions_unexplored:magnolia_log":19,"minecraft:golden_pickaxe":2,"minecraft:leather":2,"livingthings:crab_shell":2,"minecraft:dirt":2,"minecraft:smooth_stone_slab":1,"minecraft:flint_and_steel":3,"minecraft:beetroot":2,"minecraft:wheat_seeds":39,"minecraft:beef":3,"regions_unexplored:redwood_planks":8,"minecraft:chest":1,"minecraft:oak_planks":8,"minecraft:iron_sword":1,"minecraft:egg":1,"regions_unexplored:redwood_log":20,"minecraft:golden_helmet":1,"minecraft:raw_iron":6,"regions_unexplored:white_magnolia_sapling":1,"minecraft:porkchop":4,"minecraft:golden_axe":1,"minecraft:tnt":3,"minecraft:arrow":10,"minecraft:rotten_flesh":12,"minecraft:slime_ball":2,"minecraft:decorated_pot":7,"minecraft:hay_block":12,"minecraft:emerald":1,"minecraft:bread":4,"minecraft:baked_potato":1,"minecraft:coal":20,"minecraft:obsidian":1,"minecraft:cobblestone":6},"minecraft:used":{"minecraft:beetroot":2,"minecraft:stone_pickaxe":34,"minecraft:baked_potato":1,"minecraft:decorated_pot":1,"minecraft:wooden_pickaxe":3,"minecraft:iron_sword":4,"minecraft:dirt":2,"minecraft:crafting_table":4,"minecraft:wooden_axe":85,"regions_unexplored:redwood_log":5,"minecraft:bread":10,"minecraft:oak_boat":1,"minecraft:potato":4},"minecraft:broken":{"minecraft:wooden_axe":1},"minecraft:crafted":{"minecraft:crafting_table":2,"minecraft:wooden_pickaxe":1,"regions_unexplored:oak_shrub":3,"minecraft:bread":32,"regions_unexplored:redwood_planks":12,"minecraft:oak_boat":1,"minecraft:stick":8,"minecraft:stone_pickaxe":1,"minecraft:wooden_axe":2,"regions_unexplored:magnolia_planks":12,"minecraft:wheat":108},"minecraft:dropped":{"minecraft:bread":12,"minecraft:iron_sword":1,"minecraft:golden_helmet":1,"minecraft:tnt":3,"minecraft:golden_pickaxe":2,"minecraft:obsidian":1,"minecraft:golden_axe":1,"minecraft:feather":7,"minecraft:flint_and_steel":3,"minecraft:emerald":1,"minecraft:egg":1},"minecraft:mined":{"regions_unexplored:white_magnolia_leaves":2,"regions_unexplored:magnolia_log":22,"visualworkbench:minecraft/crafting_table":2,"minecraft:short_grass":16,"minecraft:grass_block":2,"minecraft:decorated_pot":4,"minecraft:chest":1,"minecraft:diorite":2,"minecraft:hay_block":12,"minecraft:iron_ore":6,"minecraft:fire":1,"regions_unexplored:redwood_leaves":3,"minecraft:smooth_stone_slab":1,"minecraft:coal_ore":20,"minecraft:vine":1,"regions_unexplored:medium_grass":17,"minecraft:stone":6,"regions_unexplored:redwood_log":20,"regions_unexplored:windswept_grass":5,"minecraft:mossy_stone_bricks":2,"minecraft:oak_leaves":1,"minecraft:fern":3},"minecraft:killed":{"livingthings:snail":1,"minecraft:pig":2,"minecraft:zombie":5,"livingthings:crab":5,"minecraft:cow":1}},"DataVersion":3953}