{"stats":{"minecraft:picked_up":{"croptopia:onion":1,"minecraft:red_tulip":2,"croptopia:onion_seed":2,"minecraft:poppy":3},"minecraft:custom":{"minecraft:time_since_rest":9209,"minecraft:crouch_one_cm":35,"minecraft:sprint_one_cm":20183,"minecraft:play_time":9209,"minecraft:damage_taken":120,"minecraft:walk_one_cm":29745,"minecraft:sneak_time":3,"minecraft:walk_under_water_one_cm":516,"minecraft:jump":213,"minecraft:leave_game":4,"minecraft:walk_on_water_one_cm":1659,"minecraft:time_since_death":9209,"minecraft:total_world_time":9209,"minecraft:fall_one_cm":6063,"minecraft:fly_one_cm":68539},"minecraft:mined":{"minecraft:red_tulip":2,"minecraft:poppy":3,"croptopia:onion_crop":1,"minecraft:fern":1},"minecraft:used":{"minecraft:red_tulip":2,"minecraft:poppy":3}},"DataVersion":3953}