{"stats":{"minecraft:custom":{"minecraft:time_since_rest":8177,"minecraft:sprint_one_cm":120874,"minecraft:damage_taken":1310,"minecraft:walk_one_cm":322534,"minecraft:mob_kills":2,"minecraft:drop":3,"minecraft:damage_dealt":172,"minecraft:talked_to_villager":2,"minecraft:swim_one_cm":16985,"minecraft:interact_with_crafting_table":6,"minecraft:fly_one_cm":182256,"minecraft:open_barrel":1,"minecraft:open_chest":10,"minecraft:crouch_one_cm":754,"minecraft:play_time":58634,"minecraft:deaths":3,"minecraft:bell_ring":1,"minecraft:sneak_time":266,"minecraft:walk_under_water_one_cm":3846,"minecraft:jump":1170,"minecraft:leave_game":1,"minecraft:walk_on_water_one_cm":7543,"minecraft:time_since_death":8035,"minecraft:sleep_in_bed":2,"minecraft:total_world_time":58634,"minecraft:climb_one_cm":78,"minecraft:fall_one_cm":35091},"minecraft:picked_up":{"minecraft:book":3,"minecraft:leather":1,"minecraft:smoker":1,"minecraft:potato":6,"minecraft:oak_log":4,"minecraft:yellow_bed":2,"minecraft:rotten_flesh":2,"minecraft:slime_ball":4,"minecraft:wheat_seeds":11,"minecraft:beef":2,"minecraft:emerald":2,"minecraft:bread":2,"minecraft:oak_sapling":1,"regions_unexplored:redwood_log":3},"minecraft:killed_by":{"minecraft:skeleton":1},"minecraft:used":{"minecraft:apple":4,"minecraft:bread":2,"minecraft:beef":2,"minecraft:carrot":1,"minecraft:yellow_bed":1},"minecraft:dropped":{"minecraft:yellow_bed":2,"minecraft:smoker":1},"minecraft:crafted":{"regions_unexplored:redwood_planks":12,"minecraft:stick":4},"minecraft:mined":{"minecraft:yellow_bed":1,"minecraft:short_grass":16,"minecraft:bookshelf":1,"minecraft:oak_log":2,"regions_unexplored:medium_grass":12,"regions_unexplored:redwood_log":2,"regions_unexplored:windswept_grass":9,"minecraft:oak_leaves":3},"minecraft:killed":{"livingthings:snail":1,"minecraft:cow":1}},"DataVersion":3953}