{"stats":{"minecraft:picked_up":{"croptopia:onion":1,"minecraft:red_tulip":2,"croptopia:onion_seed":2,"minecraft:poppy":3},"minecraft:custom":{"minecraft:time_since_rest":33209,"minecraft:crouch_one_cm":35,"minecraft:sprint_one_cm":21906,"minecraft:play_time":33209,"minecraft:damage_taken":150,"minecraft:walk_one_cm":41555,"minecraft:sneak_time":3,"minecraft:walk_under_water_one_cm":1104,"minecraft:jump":385,"minecraft:leave_game":4,"minecraft:walk_on_water_one_cm":2160,"minecraft:time_since_death":33209,"minecraft:total_world_time":33209,"minecraft:swim_one_cm":991,"minecraft:fall_one_cm":8585,"minecraft:fly_one_cm":77099},"minecraft:mined":{"minecraft:red_tulip":2,"minecraft:poppy":3,"croptopia:onion_crop":1,"minecraft:fern":1},"minecraft:used":{"minecraft:red_tulip":2,"minecraft:poppy":3}},"DataVersion":3953}