{"stats":{"minecraft:mined":{"minecraft:short_grass":20,"regions_unexplored:medium_grass":19,"regions_unexplored:windswept_grass":47},"minecraft:custom":{"minecraft:jump":41,"minecraft:time_since_rest":1239,"minecraft:leave_game":1,"minecraft:sprint_one_cm":5860,"minecraft:play_time":1239,"minecraft:time_since_death":1239,"minecraft:walk_one_cm":3148,"minecraft:total_world_time":1239,"minecraft:fall_one_cm":1103,"minecraft:fly_one_cm":10267},"minecraft:picked_up":{"minecraft:wheat_seeds":9}},"DataVersion":3953}