{"stats":{"minecraft:mined":{"minecraft:short_grass":1,"regions_unexplored:medium_grass":1,"regions_unexplored:windswept_grass":8},"minecraft:custom":{"minecraft:jump":37,"minecraft:time_since_rest":667,"minecraft:leave_game":1,"minecraft:sprint_one_cm":4182,"minecraft:play_time":667,"minecraft:time_since_death":667,"minecraft:walk_one_cm":256,"minecraft:total_world_time":667,"minecraft:fall_one_cm":2357,"minecraft:fly_one_cm":12646},"minecraft:picked_up":{"minecraft:wheat_seeds":2}},"DataVersion":3953}