{"stats":{"minecraft:mined":{"minecraft:short_grass":24,"regions_unexplored:medium_grass":21,"regions_unexplored:windswept_grass":20},"minecraft:custom":{"minecraft:jump":55,"minecraft:time_since_rest":2907,"minecraft:damage_dealt":119,"minecraft:leave_game":1,"minecraft:sprint_one_cm":6589,"minecraft:play_time":2907,"minecraft:damage_taken":125,"minecraft:time_since_death":2907,"minecraft:walk_one_cm":23831,"minecraft:total_world_time":2907,"minecraft:mob_kills":2,"minecraft:fall_one_cm":2626,"minecraft:fly_one_cm":8580},"minecraft:picked_up":{"minecraft:rotten_flesh":4,"minecraft:wheat_seeds":9}},"DataVersion":3953}