{"stats":{"minecraft:custom":{"minecraft:mob_kills":27,"minecraft:interact_with_crafting_table":3,"minecraft:open_barrel":3,"minecraft:leave_game":1,"minecraft:time_since_death":22496,"minecraft:sleep_in_bed":3,"minecraft:climb_one_cm":1286,"minecraft:time_since_rest":22527,"minecraft:waystone_activated":2,"minecraft:sprint_one_cm":223400,"minecraft:damage_taken":1575,"minecraft:walk_one_cm":84114,"minecraft:drop":1,"minecraft:damage_dealt":2990,"minecraft:swim_one_cm":32337,"minecraft:fly_one_cm":489451,"minecraft:player_kills":1,"minecraft:open_chest":9,"minecraft:play_time":58347,"minecraft:deaths":4,"minecraft:sneak_time":178,"minecraft:walk_under_water_one_cm":36249,"minecraft:jump":1727,"minecraft:interact_with_smoker":1,"minecraft:walk_on_water_one_cm":9944,"minecraft:total_world_time":58347,"minecraft:fall_one_cm":58016},"minecraft:picked_up":{"minecraft:crafting_table":1,"minecraft:wheat":4,"minecraft:feather":14,"minecraft:chicken":1,"croptopia:broccoli_seed":4,"croptopia:kale":2,"minecraft:golden_pickaxe":6,"croptopia:broccoli":4,"minecraft:potato":12,"minecraft:potion":2,"minecraft:oak_log":9,"minecraft:yellow_bed":1,"minecraft:dirt":24,"minecraft:flint_and_steel":8,"minecraft:bone":4,"minecraft:apple":7,"minecraft:stone_bricks":1,"minecraft:wheat_seeds":15,"croptopia:kale_seed":3,"minecraft:oak_planks":13,"minecraft:iron_sword":4,"minecraft:egg":7,"regions_unexplored:redwood_log":3,"regions_unexplored:duckweed":1,"minecraft:golden_helmet":2,"minecraft:stick":2,"minecraft:oak_door":4,"croptopia:rutabaga":2,"minecraft:porkchop":3,"minecraft:golden_axe":4,"croptopia:rutabaga_seed":4,"minecraft:white_bed":1,"minecraft:carrot":1,"minecraft:redstone":10,"minecraft:tnt":12,"minecraft:sugar":2,"minecraft:arrow":2,"minecraft:rotten_flesh":2,"minecraft:slime_ball":5,"minecraft:decorated_pot":6,"minecraft:hay_block":32,"croptopia:orange":6,"minecraft:emerald":3,"minecraft:bread":3,"minecraft:baked_potato":2,"minecraft:obsidian":2,"minecraft:glow_berries":12,"minecraft:mutton":14,"minecraft:cobblestone":16,"minecraft:white_wool":9},"minecraft:killed_by":{"minecraft:spider":1,"minecraft:witch":1,"minecraft:zombie":2},"minecraft:used":{"minecraft:flint_and_steel":3,"minecraft:baked_potato":2,"minecraft:decorated_pot":3,"minecraft:iron_sword":77,"croptopia:rutabaga":1,"minecraft:crafting_table":1,"croptopia:broccoli":1,"minecraft:carrot":1,"minecraft:white_bed":1,"croptopia:orange":6,"minecraft:apple":6,"minecraft:chicken":1,"minecraft:bread":9,"minecraft:golden_helmet":1,"minecraft:egg":2,"minecraft:potato":1,"minecraft:golden_pickaxe":24,"minecraft:golden_axe":13},"minecraft:dropped":{"minecraft:baked_potato":1},"minecraft:crafted":{"minecraft:oak_planks":32,"minecraft:crafting_table":2,"minecraft:baked_potato":3,"minecraft:air":0,"minecraft:bread":42,"regions_unexplored:redwood_planks":12,"minecraft:white_bed":1,"minecraft:wheat":126},"minecraft:mined":{"minecraft:white_bed":1,"croptopia:orange_crop":6,"croptopia:kale_crop":1,"minecraft:smoker":1,"regions_unexplored:duckweed":1,"visualworkbench:minecraft/crafting_table":1,"minecraft:short_grass":11,"minecraft:decorated_pot":5,"minecraft:tall_grass":3,"croptopia:broccoli_crop":1,"minecraft:hay_block":16,"minecraft:oak_log":7,"croptopia:apple_crop":5,"croptopia:rutabaga_crop":1,"minecraft:cracked_stone_bricks":1,"regions_unexplored:medium_grass":1,"minecraft:stone_bricks":6,"minecraft:stone":16,"regions_unexplored:redwood_log":4,"regions_unexplored:windswept_grass":5},"minecraft:killed":{"minecraft:pig":1,"minecraft:slime":12,"minecraft:phantom":1,"minecraft:sheep":5,"minecraft:skeleton":2,"minecraft:zombie":4,"minecraft:chicken":1,"minecraft:player":1}},"DataVersion":3953}