{"stats":{"minecraft:custom":{"minecraft:interact_with_furnace":13,"minecraft:mob_kills":19,"minecraft:interact_with_crafting_table":14,"minecraft:leave_game":1,"minecraft:time_since_death":51352,"minecraft:sleep_in_bed":1,"minecraft:climb_one_cm":1492,"minecraft:time_since_rest":40350,"minecraft:sprint_one_cm":105971,"minecraft:damage_taken":542,"minecraft:walk_one_cm":86811,"minecraft:drop":10,"minecraft:damage_dealt":1921,"minecraft:swim_one_cm":32053,"minecraft:fly_one_cm":165713,"minecraft:crouch_one_cm":6910,"minecraft:play_time":51352,"minecraft:sneak_time":2739,"minecraft:walk_under_water_one_cm":946,"minecraft:jump":906,"minecraft:walk_on_water_one_cm":2875,"minecraft:interact_with_smoker":6,"minecraft:total_world_time":51352,"minecraft:fall_one_cm":26051},"minecraft:picked_up":{"livingthings:crab":1,"minecraft:crafting_table":2,"croptopia:peach":2,"minecraft:leather":6,"minecraft:oak_log":6,"minecraft:yellow_bed":1,"livingthings:crab_shell":1,"minecraft:dirt":12,"minecraft:apple":1,"regions_unexplored:pine_log":1,"minecraft:wheat_seeds":3,"minecraft:beef":20,"regions_unexplored:redwood_sapling":2,"regions_unexplored:redwood_log":3,"minecraft:furnace":1,"minecraft:stick":1,"minecraft:porkchop":8,"minecraft:arrow":1,"minecraft:rotten_flesh":2,"minecraft:oak_sapling":1,"minecraft:mutton":5,"minecraft:coal":40,"minecraft:white_wool":4,"minecraft:cobblestone":17},"minecraft:used":{"regions_unexplored:pine_planks":4,"minecraft:cooked_mutton":2,"minecraft:stone_pickaxe":26,"minecraft:wooden_pickaxe":14,"minecraft:dirt":11,"minecraft:mutton":1,"regions_unexplored:redwood_planks":12,"minecraft:crafting_table":4,"minecraft:wooden_axe":8,"minecraft:apple":1,"minecraft:leather_helmet":1,"minecraft:stone_axe":42,"livingthings:cooked_crab":1,"croptopia:peach":2,"minecraft:cobblestone":3,"minecraft:beef":2,"minecraft:cooked_porkchop":2,"minecraft:oak_sapling":1,"minecraft:furnace":1,"minecraft:porkchop":2,"minecraft:yellow_bed":1,"minecraft:cooked_beef":3},"minecraft:dropped":{"minecraft:wheat_seeds":3,"minecraft:cooked_porkchop":2,"minecraft:rotten_flesh":2,"minecraft:cooked_mutton":2,"regions_unexplored:redwood_sapling":2,"minecraft:wooden_axe":1,"minecraft:wooden_pickaxe":1},"minecraft:crafted":{"minecraft:cooked_beef":18,"minecraft:oak_planks":24,"minecraft:cooked_porkchop":6,"minecraft:crafting_table":2,"minecraft:wooden_pickaxe":1,"minecraft:furnace":1,"minecraft:leather_helmet":1,"minecraft:stone_axe":1,"minecraft:cooked_mutton":4,"minecraft:air":0,"livingthings:cooked_crab":1,"regions_unexplored:redwood_planks":12,"regions_unexplored:pine_planks":4,"minecraft:stick":12,"minecraft:stone_pickaxe":1,"minecraft:wooden_axe":1},"minecraft:mined":{"visualworkbench:minecraft/crafting_table":2,"minecraft:short_grass":6,"minecraft:grass_block":6,"regions_unexplored:pine_log":1,"minecraft:furnace":1,"regions_unexplored:redwood_leaves":10,"croptopia:peach_crop":2,"minecraft:oak_log":6,"minecraft:coal_ore":22,"minecraft:dirt":6,"regions_unexplored:medium_grass":2,"minecraft:stone":17,"regions_unexplored:redwood_log":3,"regions_unexplored:windswept_grass":9,"minecraft:oak_leaves":6},"minecraft:killed":{"minecraft:pig":3,"minecraft:sheep":3,"minecraft:skeleton":1,"minecraft:zombie":2,"livingthings:crab":1,"minecraft:cow":9}},"DataVersion":3953}