{
  "livingthings:recipes/bone_meal": {
    "criteria": {
      "has_tooth": "2024-09-23 04:19:07 +0000"
    },
    "done": true
  },
  "livingthings:recipes/cooked_giraffe_from_smoking": {
    "criteria": {
      "has_giraffe": "2024-09-23 04:19:07 +0000",
      "has_cooked_giraffe": "2024-09-23 04:19:07 +0000"
    },
    "done": true
  },
  "repurposed_structures:root": {
    "criteria": {
      "always": "2024-09-23 04:18:25 +0000"
    },
    "done": true
  },
  "minecraft:recipes/decorations/crafting_table": {
    "criteria": {
      "unlock_right_away": "2024-09-23 04:18:25 +0000"
    },
    "done": true
  },
  "data_api:pack": {
    "criteria": {
      "trigger": "2024-09-23 04:18:25 +0000"
    },
    "done": true
  },
  "livingthings:recipes/cooked_elephant_from_campfire_cooking": {
    "criteria": {
      "has_elephant": "2024-09-23 04:19:07 +0000",
      "has_cooked_elephant": "2024-09-23 04:19:07 +0000"
    },
    "done": true
  },
  "livingthings:recipes/cooked_lion_from_campfire_cooking": {
    "criteria": {
      "has_cooked_lion": "2024-09-23 04:19:07 +0000",
      "has_lion": "2024-09-23 04:19:07 +0000"
    },
    "done": true
  },
  "villager_hats:pack": {
    "criteria": {
      "trigger": "2024-09-23 04:18:25 +0000"
    },
    "done": true
  },
  "livingthings:recipes/cooked_giraffe": {
    "criteria": {
      "has_giraffe": "2024-09-23 04:19:07 +0000",
      "has_cooked_giraffe": "2024-09-23 04:19:07 +0000"
    },
    "done": true
  },
  "livingthings:recipes/cooked_ostrich_from_smoking": {
    "criteria": {
      "has_ostrich": "2024-09-23 04:19:07 +0000",
      "has_cooked_ostrich": "2024-09-23 04:19:07 +0000"
    },
    "done": true
  },
  "livingthings:recipes/cooked_lion": {
    "criteria": {
      "has_cooked_lion": "2024-09-23 04:19:07 +0000",
      "has_lion": "2024-09-23 04:19:07 +0000"
    },
    "done": true
  },
  "livingthings:recipes/cooked_crab_from_campfire_cooking": {
    "criteria": {
      "has_cooked_crab": "2024-09-23 04:19:07 +0000",
      "has_crab": "2024-09-23 04:19:07 +0000"
    },
    "done": true
  },
  "livingthings:recipes/cooked_crab_from_smoking": {
    "criteria": {
      "has_cooked_crab": "2024-09-23 04:19:07 +0000",
      "has_crab": "2024-09-23 04:19:07 +0000"
    },
    "done": true
  },
  "livingthings:recipes/cooked_ostrich_from_campfire_cooking": {
    "criteria": {
      "has_ostrich": "2024-09-23 04:19:07 +0000",
      "has_cooked_ostrich": "2024-09-23 04:19:07 +0000"
    },
    "done": true
  },
  "livingthings:recipes/lexicon": {
    "criteria": {
      "has_book": "2024-09-23 04:19:07 +0000"
    },
    "done": true
  },
  "regions_unexplored:parent": {
    "criteria": {
      "load_in_world": "2024-09-23 04:18:26 +0000"
    },
    "done": true
  },
  "croptopia:recipes/ham_sandwich": {
    "criteria": {
      "has_cooked_porkchop": "2024-09-23 04:19:09 +0000"
    },
    "done": true
  },
  "livingthings:recipes/cooked_elephant": {
    "criteria": {
      "has_elephant": "2024-09-23 04:19:07 +0000",
      "has_cooked_elephant": "2024-09-23 04:19:07 +0000"
    },
    "done": true
  },
  "livingthings:recipes/cooked_crab": {
    "criteria": {
      "has_cooked_crab": "2024-09-23 04:19:07 +0000",
      "has_crab": "2024-09-23 04:19:07 +0000"
    },
    "done": true
  },
  "global:genmode": {
    "criteria": {
      "trigger": "2024-09-23 04:18:25 +0000"
    },
    "done": true
  },
  "livingthings:recipes/cooked_ostrich": {
    "criteria": {
      "has_ostrich": "2024-09-23 04:19:07 +0000",
      "has_cooked_ostrich": "2024-09-23 04:19:07 +0000"
    },
    "done": true
  },
  "livingthings:recipes/arrow": {
    "criteria": {
      "has_feather": "2024-09-23 04:19:07 +0000",
      "has_tooth": "2024-09-23 04:19:07 +0000"
    },
    "done": true
  },
  "global:root": {
    "criteria": {
      "trigger": "2024-09-23 04:18:25 +0000"
    },
    "done": true
  },
  "livingthings:recipes/cooked_elephant_from_smoking": {
    "criteria": {
      "has_elephant": "2024-09-23 04:19:07 +0000",
      "has_cooked_elephant": "2024-09-23 04:19:07 +0000"
    },
    "done": true
  },
  "livingthings:recipes/cooked_giraffe_from_campfire_cooking": {
    "criteria": {
      "has_giraffe": "2024-09-23 04:19:07 +0000",
      "has_cooked_giraffe": "2024-09-23 04:19:07 +0000"
    },
    "done": true
  },
  "livingthings:recipes/cooked_lion_from_smoking": {
    "criteria": {
      "has_cooked_lion": "2024-09-23 04:19:07 +0000",
      "has_lion": "2024-09-23 04:19:07 +0000"
    },
    "done": true
  },
  "regions_unexplored:regions_explored": {
    "criteria": {
      "grassland": "2024-09-23 04:18:26 +0000"
    },
    "done": false
  },
  "regions_unexplored:pioneer": {
    "criteria": {
      "grassland": "2024-09-23 04:18:26 +0000"
    },
    "done": false
  },
  "things:root": {
    "criteria": {
      "tick": "2024-09-23 04:18:25 +0000"
    },
    "done": true
  },
  "DataVersion": 3953
}